EmiLy-Ly-san/test		private	2025-03-04T12:06:55Z
EmiLy-Ly-san/EmiLy-Ly-san		public	2025-03-03T15:35:45Z
EmiLy-Ly-san/checkpoint4		public	2025-02-13T18:18:56Z
EmiLy-Ly-san/animeArt		public	2025-02-12T08:24:21Z
EmiLy-Ly-san/allmyprojects	Portfolio - Emilie De Duyver - Développeuse web	public	2025-02-06T10:00:05Z
EmiLy-Ly-san/pokedex		public	2025-01-22T07:42:37Z
EmiLy-Ly-san/pokemon	Find your Pokemon ! FIRST PROJECT IN REACT	public	2025-01-22T04:06:40Z
EmiLy-Ly-san/fetch-employees		public	2025-01-22T04:01:33Z
EmiLy-Ly-san/my-app-with-router		public	2025-01-22T04:01:29Z
EmiLy-Ly-san/portfolio	Portfolio | All my projects in one Page - Made with REACT and TYPESCRIPT	private	2025-01-22T03:56:50Z
EmiLy-Ly-san/portfolio-backend		private	2025-01-07T18:16:44Z
EmiLy-Ly-san/superSelf	Protojam for the Wild Code School 05/12 - 06/12/24	public, fork	2024-12-14T15:16:15Z
EmiLy-Ly-san/JS-Nantes-P2-WeartherForcast	WeartherForcast est un site météorologique qui donne des conseils vestimentaires en fonction du temps. API OpenWeatherMap	public, fork	2024-12-14T12:23:33Z
EmiLy-Ly-san/public-apis	A collective list of free APIs	public, fork	2024-10-31T19:50:02Z
EmiLy-Ly-san/dom-js-wild		public	2024-10-28T18:26:55Z
EmiLy-Ly-san/cow-say		public	2024-10-14T13:25:02Z
EmiLy-Ly-san/test-dotenv		public	2024-10-14T11:19:02Z
EmiLy-Ly-san/exercice-fonctions-avanc-es		public	2024-10-04T09:53:14Z
EmiLy-Ly-san/wild-project		public	2024-10-03T10:00:17Z
EmiLy-Ly-san/website-flow		public	2024-10-01T14:47:20Z
EmiLy-Ly-san/hello-world2	This repository is for practicing the GitHub Flow.	public	2024-10-01T14:30:13Z
EmiLy-Ly-san/my-awesome-project		public	2024-10-01T13:57:04Z
EmiLy-Ly-san/GotCitationsGenerator	Game Of Thrones quotes generator - Work in progress !	public	2024-09-30T15:58:28Z
EmiLy-Ly-san/AnimeArtMeteo	Work in progress ! Meteo application who generates anime illustrations like backgrounds. You can collect cities and your favorites backgrounds.	public	2024-09-30T07:12:06Z
EmiLy-Ly-san/ThemedPomodoro	Pomodoro timer switch theme -> Star Wars | Stranger Things | Animal Crossing	public	2024-09-24T15:43:48Z
EmiLy-Ly-san/FictionalProjectWilders		public	2024-09-16T08:34:16Z
EmiLy-Ly-san/picturesBank		private	2024-06-13T12:27:07Z
EmiLy-Ly-san/js30-day1-Hanabie-Drum	Hanabie Drum Kit	public	2024-06-11T15:00:13Z
EmiLy-Ly-san/mangapedia		private	2024-05-29T08:41:07Z
EmiLy-Ly-san/MangaZerType	MangaZerType - Jeu educatif 6-11 ans - Dactylographie	public	2024-05-27T15:45:51Z
